{"train_loss": 0.05980340391397476, "_timestamp": 1719263485.7994833, "_runtime": 1985.599243402481, "_step": 2650, "loss": 0.05980340391397476, "lr": 6.107152967349539e-09, "step": 2650, "ema_decay": 0.9972925178969113, "test_samples": {"_type": "images/separated", "width": 128, "height": 128, "format": "png", "count": 16, "filenames": ["media/images/test_samples_2650_029a3c4254b2b36004e8.png", "media/images/test_samples_2650_b08e10a5981c44dceba8.png", "media/images/test_samples_2650_295ad8f81c48c4ed33dd.png", "media/images/test_samples_2650_865eeab9acabc10ab4b9.png", "media/images/test_samples_2650_551067e8cd17c1111665.png", "media/images/test_samples_2650_a201373189a821348bda.png", "media/images/test_samples_2650_b99bd39eb40cbf929cc0.png", "media/images/test_samples_2650_99c4ed616482de5f6376.png", "media/images/test_samples_2650_9e2bc1dff7e442eaf7dd.png", "media/images/test_samples_2650_c59416495fafb1e7780f.png", "media/images/test_samples_2650_1938e0c997f754b230dd.png", "media/images/test_samples_2650_a99a6bd81184d1daeac6.png", "media/images/test_samples_2650_65f5dc1106c53a5dd7e2.png", "media/images/test_samples_2650_9de44b462f665a0fb0af.png", "media/images/test_samples_2650_ee11232632bf22524e34.png", "media/images/test_samples_2650_6fb081e22a007ea407b6.png"]}, "epoch": 49, "_wandb": {"runtime": 2005}}